P,Z,U,H,T,L,A,J,D,N,F,K,E,X,C,G,R,I,S,V,Y,M,B,Q,O,W
W,S,P,G,D,U,Q,H,T,X,C,L,M,A,I,R,F,N,B,J,K,Y,Z,V,E,O
P,C,H,F,Z,V,O,A,N,W,G,E,M,I,D,X,S,R,Y,K,T,U,J,B,Q,L
Z,N,F,V,M,S,E,C,K,P,L,U,Y,D,T,W,B,G,A,I,X,Q,J,H,O,R
E,C,V,Z,G,U,F,H,T,W,J,Y,A,I,K,M,P,N,R,L,X,S,D,B,Q,O
W,Z,V,B,R,H,U,M,Y,J,L,Q,N,P,C,F,I,T,K,S,O,A,G,X,D,E
H,X,Y,L,Q,J,F,B,W,I,R,E,G,P,O,K,S,C,U,A,Z,V,M,D,T,N
T,E,M,S,B,O,P,J,X,Y,N,W,U,D,H,Z,V,L,K,F,C,I,Q,A,G,R
P,Q,H,K,V,Z,N,D,C,W,U,R,Y,I,F,X,S,A,L,B,O,J,G,T,E,M
E,X,I,Y,N,Q,M,H,B,D,U,V,Z,R,W,O,K,L,T,F,A,G,P,J,C,S
B,N,R,A,M,E,G,X,L,J,U,P,Y,C,W,F,D,V,H,I,O,S,K,T,Z,Q