D,Q,L,F,T,W,J,I,B,U,S,O,R,P,V,E,H,M,A,Z,X,C,N,G,K,Y
W,H,Q,F,J,R,D,U,X,T,E,M,C,O,Z,L,A,I,K,P,S,B,V,Y,G,N
B,A,O,D,V,Z,Y,L,N,U,G,S,X,P,K,I,W,C,Q,J,F,E,H,T,M,R
G,T,C,U,K,X,O,M,B,A,Q,V,F,J,Z,L,W,R,N,H,P,Y,S,I,D,E
K,J,T,S,P,Y,W,F,C,O,V,B,E,M,A,X,G,I,Q,L,R,N,U,Z,D,H
U,W,X,O,F,L,R,J,A,P,Q,H,S,Y,I,E,G,B,Z,M,V,T,C,K,N,D
I,R,N,K,Q,W,M,X,Z,J,F,U,C,S,E,B,G,L,A,T,O,V,H,P,D,Y
F,W,I,Z,O,Y,E,C,P,T,R,H,M,D,X,K,N,Q,S,V,U,B,L,J,G,A
Z,M,A,O,R,V,W,S,H,F,X,L,T,Y,N,C,I,B,J,E,Q,K,G,D,U,P
B,U,W,J,C,T,Q,A,K,M,H,V,D,O,L,N,Z,S,E,G,I,X,R,Y,F,P
Y,N,H,Q,T,A,I,G,X,V,O,L,F,W,S,P,C,M,E,D,B,J,U,K,Z,R
T,L,Z,M,S,F,J,A,K,V,H,P,B,R,D,U,E,Q,Y,O,C,W,X,I,N,G
E,U,Y,T,V,O,C,X,F,S,I,Z,W,L,D,R,N,J,A,M,H,P,K,G,Q,B
H,A,Y,W,I,P,U,S,Z,R,X,T,G,B,M,N,E,L,D,J,C,O,K,V,F,Q
Z,Y,J,O,W,X,I,B,S,C,A,U,D,K,V,M,Q,E,N,R,F,G,T,L,P,H
P,Z,U,H,T,L,A,J,D,N,F,K,E,X,C,G,R,I,S,V,Y,M,B,Q,O,W
W,S,P,G,D,U,Q,H,T,X,C,L,M,A,I,R,F,N,B,J,K,Y,Z,V,E,O
P,C,H,F,Z,V,O,A,N,W,G,E,M,I,D,X,S,R,Y,K,T,U,J,B,Q,L
Z,N,F,V,M,S,E,C,K,P,L,U,Y,D,T,W,B,G,A,I,X,Q,J,H,O,R
E,C,V,Z,G,U,F,H,T,W,J,Y,A,I,K,M,P,N,R,L,X,S,D,B,Q,O
W,Z,V,B,R,H,U,M,Y,J,L,Q,N,P,C,F,I,T,K,S,O,A,G,X,D,E
H,X,Y,L,Q,J,F,B,W,I,R,E,G,P,O,K,S,C,U,A,Z,V,M,D,T,N
T,E,M,S,B,O,P,J,X,Y,N,W,U,D,H,Z,V,L,K,F,C,I,Q,A,G,R
P,Q,H,K,V,Z,N,D,C,W,U,R,Y,I,F,X,S,A,L,B,O,J,G,T,E,M
E,X,I,Y,N,Q,M,H,B,D,U,V,Z,R,W,O,K,L,T,F,A,G,P,J,C,S
B,N,R,A,M,E,G,X,L,J,U,P,Y,C,W,F,D,V,H,I,O,S,K,T,Z,Q
S,A,J,X,L,F,U,O,T,W,Y,V,C,Q,I,Z,P,G,D,H,B,E,R,M,K,N
D,Z,P,S,V,X,G,O,Q,F,L,J,Y,H,K,C,A,T,N,U,I,E,W,R,M,B
K,O,S,N,X,Q,Y,J,E,R,Z,D,B,F,U,C,H,G,A,T,V,W,M,P,I,L
E,Y,W,B,Z,K,Q,T,C,G,P,L,J,N,M,V,A,R,U,S,X,F,H,I,O,D
